time,lat,lon,pcell_cid,pcell_freq,nrcell_cid,nrcell_freq,scell1_cid,scell1_freq,scell2_cid,scell2_freq,scell3_cid,scell3_freq,nr_scell1_cid,nr_scell1_freq,nr_scell2_cid,nr_scell2_freq,nr_scell3_cid,nr_scell3_freq,cell_set_type,cell_set_type_v2,throughput,rtt,disruption,thput_confidence_level,current_traffic_mode,total_bw,time_delta,cell_id
1628217449,-86.15975719,39.77150863,391,850,None,None,472,52740,393,52941,399,53139,None,None,None,None,None,None,LTE,LTE+LTE,135.44656,None,None,1,fd,80,0,1
1628217449,-86.15975267,39.77151434,391,850,None,None,472,52740,393,52941,399,53139,None,None,None,None,None,None,LTE,LTE+LTE,138.85856,None,None,1,fd,80,0.099999905,1
1628217449,-86.15974988,39.77152002,391,850,None,None,472,52740,393,52941,399,53139,None,None,None,None,None,None,LTE,LTE+LTE,139.76224,None,None,1,fd,80,0.200000048,1
1628217449,-86.15974738,39.77152792,391,850,None,None,472,52740,393,52941,399,53139,None,None,None,None,None,None,LTE,LTE+LTE,137.90448,None,None,1,fd,80,0.299999952,1
1628217449,-86.1597451,39.77153511,391,850,None,None,472,52740,393,52941,399,53139,None,None,None,None,None,None,LTE,LTE+LTE,60.1392,None,None,1,fd,80,0.400000095,1
1628217450,-86.15974305,39.77154159,391,850,None,None,472,52740,393,52941,399,53139,None,None,None,None,None,None,LTE,LTE+LTE,161.6496,None,None,1,fd,80,0.5,1
1628217450,-86.15974054,39.77154949,391,850,None,None,472,52740,393,52941,399,53139,None,None,None,None,None,None,LTE,LTE+LTE,141.18448,None,None,1,fd,80,0.599999905,1
1628217450,-86.15973849,39.77155596,391,850,None,None,472,52740,393,52941,399,53139,None,None,None,None,None,None,LTE,LTE+LTE,156.32,None,None,1,fd,80,0.700000048,1
1628217450,-86.15973621,39.77156315,391,850,None,None,472,52740,393,52941,399,53139,None,None,None,None,None,None,LTE,LTE+LTE,127.184,None,None,1,fd,80,0.799999952,1
1628217450,-86.15973371,39.77157106,391,850,None,None,472,52740,393,52941,399,53139,None,None,None,None,None,None,LTE,LTE+LTE,157.74768,None,None,1,fd,80,0.900000095,1
1628217450,-86.15973166,39.77157753,391,850,None,None,472,52740,393,52941,399,53139,None,None,None,None,None,None,LTE,LTE+LTE,132.26592,None,None,1,fd,80,1,1
1628217450,-86.15972915,39.77158544,391,850,None,None,472,52740,393,52941,399,53139,None,None,None,None,None,None,LTE,LTE+LTE,153.37616,None,None,1,fd,80,1.099999905,1
1628217450,-86.15972801,39.77159211,391,850,None,None,472,52740,393,52941,399,53139,None,None,None,None,None,None,LTE,LTE+LTE,127.29424,None,None,1,fd,80,1.200000048,1
1628217450,-86.15972739,39.77160253,391,850,None,None,472,52740,393,52941,399,53139,None,None,None,None,None,None,LTE,LTE+LTE,163.65024,None,None,1,fd,80,1.299999952,1
1628217450,-86.15972683,39.77161201,391,850,None,None,472,52740,393,52941,399,53139,None,None,None,None,None,None,LTE,LTE+LTE,133.88688,None,None,1,fd,80,1.400000095,1
1628217451,-86.15972632,39.77162053,391,850,None,None,472,52740,393,52941,399,53139,None,None,None,None,None,None,LTE,LTE+LTE,145.15312,None,None,1,fd,80,1.5,1
1628217451,-86.15972569,39.77163096,391,850,None,None,472,52740,393,52941,399,53139,None,None,None,None,None,None,LTE,LTE+LTE,0,None,None,1,fd,80,1.599999905,1
1628217451,-86.15972519,39.77163948,391,850,None,None,472,52740,393,52941,399,53139,None,None,None,None,None,None,LTE,LTE+LTE,156.79904,None,None,1,fd,80,1.700000048,1
1628217451,-86.15972462,39.77164896,391,850,None,None,472,52740,393,52941,399,53139,None,None,None,None,None,None,LTE,LTE+LTE,163.39168,None,None,1,fd,80,1.799999952,1
1628217451,-86.159724,39.77165938,391,850,None,None,472,52740,393,52941,399,53139,None,None,None,None,None,None,LTE,LTE+LTE,163.31408,None,None,1,fd,80,1.900000095,1
1628217451,-86.15972349,39.77166791,391,850,None,None,472,52740,393,52941,399,53139,None,None,None,None,None,None,LTE,LTE+LTE,125.60256,None,None,1,fd,80,2,1
1628217451,-86.15972287,39.77167833,391,850,None,None,472,52740,393,52941,399,53139,None,None,None,None,None,None,LTE,LTE+LTE,152.776,None,None,1,fd,80,2.099999905,1
1628217451,-86.15972241,39.77168744,391,850,None,None,472,52740,393,52941,399,53139,None,None,None,None,None,None,LTE,LTE+LTE,161.87552,None,None,1,fd,80,2.200000048,1
1628217451,-86.15972191,39.77169915,391,850,None,None,472,52740,393,52941,399,53139,None,None,None,None,None,None,LTE,LTE+LTE,155.01344,None,None,1,fd,80,2.299999952,1
1628217451,-86.15972146,39.77170979,391,850,None,None,472,52740,393,52941,399,53139,None,None,None,None,None,None,LTE,LTE+LTE,132.4592,None,None,1,fd,80,2.400000095,1
1628217452,-86.15972105,39.77171937,391,850,None,None,472,52740,393,52941,399,53139,None,None,None,None,None,None,LTE,LTE+LTE,127.0248,None,None,1,fd,80,2.5,1
1628217452,-86.15972055,39.77173108,391,850,None,None,472,52740,393,52941,399,53139,None,None,None,None,None,None,LTE,LTE+LTE,161.63872,None,None,1,fd,80,2.599999905,1
1628217452,-86.15972014,39.77174066,391,850,None,None,472,52740,393,52941,399,53139,None,None,None,None,None,None,LTE,LTE+LTE,136.99536,None,None,1,fd,80,2.700000048,1
1628217452,-86.15971969,39.7717513,391,850,None,None,472,52740,393,52941,399,53139,None,None,None,None,None,None,LTE,LTE+LTE,123.17184,None,None,1,fd,80,2.799999952,1
1628217452,-86.15971919,39.77176301,391,850,None,None,472,52740,393,52941,399,53139,None,None,None,None,None,None,LTE,LTE+LTE,134.91712,None,None,1,fd,80,2.900000095,1
1628217452,-86.15971878,39.77177259,391,850,None,None,472,52740,393,52941,399,53139,None,None,None,None,None,None,LTE,LTE+LTE,137.22672,None,None,1,fd,80,3,1
1628217452,-86.15971828,39.7717843,391,850,None,None,472,52740,393,52941,399,53139,None,None,None,None,None,None,LTE,LTE+LTE,159.5496,None,None,1,fd,80,3.099999905,1
1628217452,-86.15971781,39.7717945,391,850,None,None,472,52740,393,52941,399,53139,None,None,None,None,None,None,LTE,LTE+LTE,142.29776,None,None,1,fd,80,3.200000048,1
1628217452,-86.15971721,39.77180735,391,850,None,None,472,52740,393,52941,399,53139,None,None,None,None,None,None,LTE,LTE+LTE,147.93632,None,None,1,fd,80,3.299999952,1
1628217452,-86.15971666,39.77181903,391,850,None,None,472,52740,393,52941,399,53139,None,None,None,None,None,None,LTE,LTE+LTE,153.90016,None,None,1,fd,80,3.400000095,1
1628217453,-86.15971617,39.77182954,391,850,None,None,472,52740,393,52941,399,53139,None,None,None,None,None,None,LTE,LTE+LTE,146.5032,None,None,1,fd,80,3.5,1
1628217453,-86.15971557,39.77184239,391,850,None,None,472,52740,393,52941,399,53139,None,None,None,None,None,None,LTE,LTE+LTE,160.43152,None,None,1,fd,80,3.599999905,1
1628217453,-86.15971507,39.7718529,391,850,None,None,472,52740,393,52941,399,53139,None,None,None,None,None,None,LTE,LTE+LTE,151.02304,None,None,1,fd,80,3.700000048,1
1628217453,-86.15971453,39.77186458,391,850,None,None,472,52740,393,52941,399,53139,None,None,None,None,None,None,LTE,LTE+LTE,180.41216,None,None,1,fd,80,3.799999952,1
1628217453,-86.15971392,39.77187743,391,850,None,None,472,52740,393,52941,399,53139,None,None,None,None,None,None,LTE,LTE+LTE,155.43808,None,None,1,fd,80,3.900000095,1
1628217453,-86.15971343,39.77188794,391,850,None,None,472,52740,393,52941,399,53139,None,None,None,None,None,None,LTE,LTE+LTE,141.98336,None,None,1,fd,80,4,1
1628217453,-86.15971283,39.77190079,391,850,None,None,472,52740,393,52941,399,53139,None,None,None,None,None,None,LTE,LTE+LTE,154.66096,None,None,1,fd,80,4.099999905,1
1628217453,-86.15971233,39.77191066,391,850,None,None,472,52740,393,52941,399,53139,None,None,None,None,None,None,LTE,LTE+LTE,154.88688,None,None,1,fd,80,4.200000048,1
1628217453,-86.15971158,39.77192496,391,850,None,None,472,52740,393,52941,399,53139,None,None,None,None,None,None,LTE,LTE+LTE,128.14896,None,None,1,fd,80,4.299999952,1
1628217453,-86.15971089,39.77193797,391,850,None,None,472,52740,393,52941,399,53139,None,None,None,None,None,None,LTE,LTE+LTE,180.88032,None,None,1,fd,80,4.400000095,1
1628217454,-86.15971027,39.77194967,391,850,None,None,472,52740,393,52941,399,53139,None,None,None,None,None,None,LTE,LTE+LTE,152.80864,None,None,1,fd,80,4.5,1
1628217454,-86.15970951,39.77196397,391,850,None,None,472,52740,393,52941,399,53139,None,None,None,None,None,None,LTE,LTE+LTE,144.83872,None,None,1,fd,80,4.599999905,1
1628217454,-86.15970889,39.77197568,391,850,None,None,472,52740,393,52941,399,53139,None,None,None,None,None,None,LTE,LTE+LTE,131.26288,None,None,1,fd,80,4.700000048,1
1628217454,-86.1597082,39.77198868,391,850,None,None,472,52740,393,52941,399,53139,None,None,None,None,None,None,LTE,LTE+LTE,153.91104,None,None,1,fd,80,4.799999952,1
1628217454,-86.15970744,39.77200298,391,850,None,None,472,52740,393,52941,399,53139,None,None,None,None,None,None,LTE,LTE+LTE,146.25552,None,None,1,fd,80,4.900000095,1
1628217454,-86.15970682,39.77201469,391,850,None,None,472,52740,393,52941,399,53139,None,None,None,None,None,None,LTE,LTE+LTE,161.85376,None,None,1,fd,80,5,1
1628217454,-86.15970607,39.77202899,391,850,None,None,472,52740,393,52941,399,53139,None,None,None,None,None,None,LTE,LTE+LTE,0,None,None,1,fd,80,5.099999905,1
1628217454,-86.1597063,39.7720405,391,850,None,None,472,52740,393,52941,399,53139,None,None,None,None,None,None,LTE,LTE+LTE,0,None,None,1,fd,80,5.200000048,1
1628217454,-86.15970742,39.77205437,391,850,None,None,472,52740,393,52941,399,53139,None,None,None,None,None,None,LTE,LTE+LTE,0,None,None,1,fd,80,5.299999952,1
1628217454,-86.15970843,39.77206698,391,850,None,None,472,52740,393,52941,399,53139,None,None,None,None,None,None,LTE,LTE+LTE,0,None,None,1,fd,80,5.400000095,1
1628217455,-86.15970935,39.77207833,391,850,None,None,472,52740,393,52941,399,53139,None,None,None,None,None,None,LTE,LTE+LTE,112.6012,None,None,1,fd,80,5.5,1
1628217455,-86.15971047,39.77209221,391,850,None,None,472,52740,393,52941,399,53139,None,None,None,None,None,None,LTE,LTE+LTE,46.39184,None,None,1,fd,80,5.599999905,1
1628217455,-86.15971138,39.77210356,391,850,None,None,472,52740,393,52941,399,53139,None,None,None,None,None,None,LTE,LTE+LTE,113.12368,None,None,1,fd,80,5.700000048,1
1628217455,-86.1597124,39.77211617,391,850,None,None,472,52740,393,52941,399,53139,None,None,None,None,None,None,LTE,LTE+LTE,106.23984,None,None,1,fd,80,5.799999952,1
1628217455,-86.15971352,39.77213004,391,850,None,None,472,52740,393,52941,399,53139,None,None,None,None,None,None,LTE,LTE+LTE,102.26576,None,None,1,fd,80,5.900000095,1
1628217455,-86.15971443,39.77214139,391,850,None,None,472,52740,393,52941,399,53139,None,None,None,None,None,None,LTE,LTE+LTE,115.44416,None,None,1,fd,80,6,1
1628217455,-86.15971555,39.77215527,391,850,None,None,472,52740,393,52941,399,53139,None,None,None,None,None,None,LTE,LTE+LTE,122.18512,None,None,1,fd,80,6.099999905,1
1628217455,-86.15971586,39.77216674,391,850,None,None,472,52740,393,52941,399,53139,None,None,None,None,None,None,LTE,LTE+LTE,114.8984,None,None,1,fd,80,6.200000048,1
1628217455,-86.15971565,39.77218088,391,850,None,None,472,52740,393,52941,399,53139,None,None,None,None,None,None,LTE,LTE+LTE,125.95504,None,None,1,fd,80,6.299999952,1
1628217455,-86.15971545,39.77219373,391,850,None,None,472,52740,393,52941,399,53139,None,None,None,None,None,None,LTE,LTE+LTE,103.72064,None,None,1,fd,80,6.400000095,1
1628217456,-86.15971528,39.7722053,391,850,None,None,472,52740,393,52941,399,53139,None,None,None,None,None,None,LTE,LTE+LTE,89.25744,None,None,1,fd,80,6.5,1
1628217456,-86.15971506,39.77221944,391,850,None,None,472,52740,393,52941,399,53139,None,None,None,None,None,None,LTE,LTE+LTE,73.3448,None,None,1,fd,80,6.599999905,1
1628217456,-86.15971489,39.77223101,391,850,None,None,472,52740,393,52941,399,53139,None,None,None,None,None,None,LTE,LTE+LTE,88.17136,None,None,1,fd,80,6.700000048,1
1628217456,-86.15971469,39.77224386,391,850,None,None,472,52740,393,52941,399,53139,None,None,None,None,None,None,LTE,LTE+LTE,16.93744,None,None,1,fd,80,6.799999952,1
1628217456,-86.15971448,39.772258,391,850,None,None,472,52740,393,52941,399,53139,None,None,None,None,None,None,LTE,LTE+LTE,43.83456,None,None,1,fd,80,6.900000095,1
1628217456,-86.1597143,39.77226957,311,850,None,None,265,5330,64,66486,202,66936,None,None,None,None,None,None,LTE,LTE+LTE,0,None,None,1,fd,50,7,2
1628217456,-86.15971409,39.77228371,311,850,None,None,265,5330,64,66486,202,66936,None,None,None,None,None,None,LTE,LTE+LTE,85.2888,None,None,1,fd,50,7.099999905,2
1628217456,-86.15971424,39.77229343,311,850,None,None,265,5330,64,66486,202,66936,None,None,None,None,None,None,LTE,LTE+LTE,119.76528,None,None,1,fd,50,7.200000048,2
1628217456,-86.15971488,39.77230602,311,850,None,None,265,5330,64,66486,202,66936,None,None,None,None,None,None,LTE,LTE+LTE,136.90688,None,None,1,fd,50,7.299999952,2
1628217456,-86.15971546,39.77231746,311,850,None,None,265,5330,64,66486,202,66936,None,None,None,None,None,None,LTE,LTE+LTE,74.19952,None,None,1,fd,50,7.400000095,2
1628217457,-86.15971599,39.77232776,311,850,None,None,265,5330,64,66486,202,66936,None,None,None,None,None,None,LTE,LTE+LTE,114.67792,None,None,1,fd,50,7.5,2
1628217457,-86.15971663,39.77234035,311,850,None,None,265,5330,64,66486,202,66936,None,None,None,None,None,None,LTE,LTE+LTE,164.42736,None,None,1,fd,50,7.599999905,2
1628217457,-86.15971715,39.77235066,311,850,None,None,265,5330,64,66486,202,66936,None,None,None,None,None,None,LTE,LTE+LTE,97.97728,None,None,1,fd,50,7.700000048,2
1628217457,-86.15971773,39.7723621,311,850,None,None,265,5330,64,66486,202,66936,None,None,None,None,None,None,LTE,LTE+LTE,107.9152,None,None,1,fd,50,7.799999952,2
1628217457,-86.15971837,39.77237469,311,850,None,None,265,5330,64,66486,202,66936,None,None,None,None,None,None,LTE,LTE+LTE,156.35264,None,None,1,fd,50,7.900000095,2
1628217457,-86.1597189,39.77238499,311,850,None,None,265,5330,64,66486,202,66936,None,None,None,None,None,None,LTE,LTE+LTE,125.49232,None,None,1,fd,50,8,2
1628217457,-86.15971954,39.77239758,311,850,None,None,265,5330,64,66486,202,66936,None,None,None,None,None,None,LTE,LTE+LTE,126.5784,None,None,1,fd,50,8.099999905,2
1628217457,-86.15972014,39.77240684,311,850,None,None,265,5330,64,66486,202,66936,None,None,None,None,None,None,LTE,LTE+LTE,106.82368,None,None,1,fd,50,8.200000048,2
1628217457,-86.15972096,39.77241715,311,850,None,None,265,5330,64,66486,202,66936,None,None,None,None,None,None,LTE,LTE+LTE,112.12064,None,None,1,fd,50,8.299999952,2
1628217457,-86.1597217,39.77242652,311,850,None,None,265,5330,64,66486,202,66936,None,None,None,None,None,None,LTE,LTE+LTE,62.38208,None,None,1,fd,50,8.400000095,2
1628217458,-86.15972237,39.77243495,311,850,None,None,265,5330,64,66486,202,66936,None,None,None,None,None,None,LTE,LTE+LTE,94.22912,None,None,1,fd,50,8.5,2
1628217458,-86.15972318,39.77244526,311,850,None,None,265,5330,64,66486,202,66936,None,None,None,None,None,None,LTE,LTE+LTE,68.58816,None,None,1,fd,50,8.599999905,2
1628217458,-86.15972385,39.77245369,311,850,None,None,265,5330,64,66486,202,66936,None,None,None,None,None,None,LTE,LTE+LTE,104.08944,None,None,1,fd,50,8.700000048,2
1628217458,-86.15972459,39.77246306,311,850,None,None,265,5330,64,66486,202,66936,None,None,None,None,None,None,LTE,LTE+LTE,83.51408,None,None,1,fd,50,8.799999952,2
1628217458,-86.15972541,39.77247336,311,850,None,None,265,5330,64,66486,202,66936,None,None,None,None,None,None,LTE,LTE+LTE,0,None,None,1,fd,50,8.900000095,2
1628217458,-86.15972608,39.7724818,311,850,None,None,265,5330,64,66486,202,66936,None,None,None,None,None,None,LTE,LTE+LTE,59.4328,None,None,1,fd,50,9,2
1628217458,-86.15972689,39.7724921,311,850,None,None,265,5330,64,66486,202,66936,None,None,None,None,None,None,LTE,LTE+LTE,11.51392,None,None,1,fd,50,9.099999905,2
1628217458,-86.15972735,39.77249834,311,850,634,174270,258,66661,202,66936,None,None,None,None,None,None,None,None,LTE+Sub6,LTE+5GS_LTE,26.15808,None,None,1,fd,40,9.200000048,8
1628217458,-86.1597278,39.77250519,311,850,634,174270,258,66661,202,66936,None,None,None,None,None,None,None,None,LTE+Sub6,LTE+5GS_LTE,44.0496,None,None,1,fd,40,9.299999952,8
1628217458,-86.15972821,39.77251141,311,850,634,174270,258,66661,202,66936,None,None,None,None,None,None,None,None,LTE+Sub6,LTE+5GS_LTE,0,None,None,1,fd,40,9.400000095,8
1628217459,-86.15972857,39.77251702,311,850,634,174270,258,66661,202,66936,None,None,None,None,None,None,None,None,LTE+Sub6,LTE+5GS_LTE,0.11568,None,None,1,fd,40,9.5,8
1628217459,-86.15972902,39.77252387,311,850,None,None,265,5330,64,66486,202,66936,None,None,None,None,None,None,LTE,LTE+LTE,41.34656,None,None,1,fd,50,9.599999905,3
1628217459,-86.15972939,39.77252947,311,850,None,None,265,5330,64,66486,202,66936,None,None,None,None,None,None,LTE,LTE+LTE,4.4136,None,None,1,fd,50,9.700000048,3
1628217459,-86.15972979,39.7725357,311,850,None,None,265,5330,64,66486,202,66936,None,None,None,None,None,None,LTE,LTE+LTE,29.796,None,None,1,fd,50,9.799999952,3
1628217459,-86.15973024,39.77254255,311,850,None,None,265,5330,64,66486,202,66936,None,None,None,None,None,None,LTE,LTE+LTE,0,None,None,1,fd,50,9.900000095,3
1628217459,-86.15973061,39.77254815,311,850,None,None,265,5330,64,66486,202,66936,None,None,None,None,None,None,LTE,LTE+LTE,65.0496,None,None,1,fd,50,10,3
1628217459,-86.15973106,39.772555,311,850,None,None,265,5330,64,66486,202,66936,None,None,None,None,None,None,LTE,LTE+LTE,81.07248,None,None,1,fd,50,10.0999999,3
1628217459,-86.1597314,39.77255945,311,850,None,None,265,5330,64,66486,202,66936,None,None,None,None,None,None,LTE,LTE+LTE,85.61952,None,None,1,fd,50,10.20000005,3
1628217459,-86.15973179,39.77256314,311,850,None,None,265,5330,64,66486,202,66936,None,None,None,None,None,None,LTE,LTE+LTE,65.1816,None,None,1,fd,50,10.29999995,3
1628217459,-86.15973214,39.7725665,311,850,None,None,265,5330,64,66486,202,66936,None,None,None,None,None,None,LTE,LTE+LTE,96.7864,None,None,1,fd,50,10.4000001,3
1628217460,-86.15973246,39.77256952,311,850,None,None,265,5330,64,66486,202,66936,None,None,None,None,None,None,LTE,LTE+LTE,97.1008,None,None,1,fd,50,10.5,3
1628217460,-86.15973285,39.77257321,311,850,None,None,265,5330,64,66486,202,66936,None,None,None,None,None,None,LTE,LTE+LTE,81.30928,None,None,1,fd,50,10.5999999,3
1628217460,-86.15973317,39.77257624,311,850,None,None,265,5330,64,66486,202,66936,None,None,None,None,None,None,LTE,LTE+LTE,63.82064,None,None,1,fd,50,10.70000005,3
1628217460,-86.15973352,39.77257959,311,850,None,None,265,5330,64,66486,202,66936,None,None,None,None,None,None,LTE,LTE+LTE,84.19728,None,None,1,fd,50,10.79999995,3
1628217460,-86.15973391,39.77258328,311,850,None,None,265,5330,64,66486,202,66936,None,None,None,None,None,None,LTE,LTE+LTE,81.18272,None,None,1,fd,50,10.9000001,3
1628217460,-86.15973423,39.77258631,311,850,None,None,265,5330,64,66486,202,66936,None,None,None,None,None,None,LTE,LTE+LTE,74.2376,None,None,1,fd,50,11,3
1628217460,-86.15973462,39.77259,311,850,None,None,265,5330,64,66486,202,66936,None,None,None,None,None,None,LTE,LTE+LTE,105.53344,None,None,1,fd,50,11.0999999,3
1628217460,-86.1597348,39.77259196,311,850,None,None,265,5330,64,66486,202,66936,None,None,None,None,None,None,LTE,LTE+LTE,78.62,None,None,1,fd,50,11.20000005,3
1628217460,-86.15973489,39.77259333,311,850,None,None,265,5330,64,66486,202,66936,None,None,None,None,None,None,LTE,LTE+LTE,69.1448,None,None,1,fd,50,11.29999995,3
1628217460,-86.15973497,39.77259458,311,850,None,None,265,5330,64,66486,202,66936,None,None,None,None,None,None,LTE,LTE+LTE,85.6304,None,None,1,fd,50,11.4000001,3
1628217461,-86.15973504,39.7725957,311,850,None,None,265,5330,64,66486,202,66936,None,None,None,None,None,None,LTE,LTE+LTE,0,None,None,1,fd,50,11.5,3
1628217461,-86.15973513,39.77259706,311,850,None,None,265,5330,64,66486,202,66936,None,None,None,None,None,None,LTE,LTE+LTE,91.51664,None,None,1,fd,50,11.5999999,3
1628217461,-86.15973521,39.77259818,311,850,None,None,265,5330,64,66486,202,66936,None,None,None,None,None,None,LTE,LTE+LTE,17.02448,None,None,1,fd,50,11.70000005,3
1628217461,-86.15973529,39.77259943,311,850,634,174270,258,66661,202,66936,None,None,None,None,None,None,None,None,LTE+Sub6,LTE+5GS_LTE,49.67728,None,None,1,fd,40,11.79999995,8
1628217461,-86.15973538,39.7726008,311,850,634,174270,258,66661,202,66936,None,None,None,None,None,None,None,None,LTE+Sub6,LTE+5GS_LTE,0,None,None,1,fd,40,11.9000001,8
1628217461,-86.15973545,39.77260192,311,850,634,174270,258,66661,202,66936,None,None,None,None,None,None,None,None,LTE+Sub6,LTE+5GS_LTE,0.11568,None,None,1,fd,40,12,8
1628217461,-86.15973554,39.77260329,311,850,634,174270,258,66661,202,66936,None,None,None,None,None,None,None,None,LTE+Sub6,LTE+5GS_LTE,1.9992,None,None,1,fd,40,12.0999999,8
1628217461,-86.15973561,39.77260441,311,850,None,None,265,5330,64,66486,202,66936,None,None,None,None,None,None,LTE,LTE+LTE,3.79168,None,None,1,fd,50,12.20000005,3
1628217461,-86.15973571,39.77260467,311,850,None,None,265,5330,64,66486,202,66936,None,None,None,None,None,None,LTE,LTE+LTE,0,None,None,1,fd,50,12.29999995,3
1628217461,-86.1597358,39.7726048,311,850,None,None,265,5330,64,66486,202,66936,None,None,None,None,None,None,LTE,LTE+LTE,15.96704,None,None,1,fd,50,12.4000001,3
1628217462,-86.15973588,39.77260492,311,850,None,None,265,5330,64,66486,202,66936,None,None,None,None,None,None,LTE,LTE+LTE,47.48336,None,None,1,fd,50,12.5,3
1628217462,-86.15973598,39.77260507,311,850,None,None,265,5330,64,66486,202,66936,None,None,None,None,None,None,LTE,LTE+LTE,57.86768,None,None,1,fd,50,12.5999999,3
1628217462,-86.15973606,39.77260519,311,850,None,None,265,5330,64,66486,202,66936,None,None,None,None,None,None,LTE,LTE+LTE,53.03888,None,None,1,fd,50,12.70000005,3
1628217462,-86.15973615,39.77260533,311,850,None,None,265,5330,64,66486,202,66936,None,None,None,None,None,None,LTE,LTE+LTE,55.5472,None,None,1,fd,50,12.79999995,3
1628217462,-86.15973625,39.77260548,311,850,None,None,265,5330,64,66486,202,66936,None,None,None,None,None,None,LTE,LTE+LTE,53.77792,None,None,1,fd,50,12.9000001,3
1628217462,-86.15973633,39.7726056,311,850,None,None,265,5330,64,66486,202,66936,None,None,None,None,None,None,LTE,LTE+LTE,59.84112,None,None,1,fd,50,13,3
1628217462,-86.15973643,39.77260575,311,850,None,None,265,5330,64,66486,202,66936,None,None,None,None,None,None,LTE,LTE+LTE,52.36112,None,None,1,fd,50,13.0999999,3
1628217462,-86.15973647,39.7726058,311,850,None,None,265,5330,64,66486,202,66936,None,None,None,None,None,None,LTE,LTE+LTE,53.77792,None,None,1,fd,50,13.20000005,3
1628217462,-86.15973647,39.77260579,311,850,None,None,265,5330,64,66486,202,66936,None,None,None,None,None,None,LTE,LTE+LTE,62.3208,None,None,1,fd,50,13.29999995,3
1628217462,-86.15973646,39.77260579,311,850,None,None,265,5330,64,66486,202,66936,None,None,None,None,None,None,LTE,LTE+LTE,54.77008,None,None,1,fd,50,13.4000001,3
1628217463,-86.15973646,39.77260579,311,850,None,None,265,5330,64,66486,202,66936,None,None,None,None,None,None,LTE,LTE+LTE,49.5616,None,None,1,fd,50,13.5,3
1628217463,-86.15973646,39.77260578,311,850,None,None,265,5330,64,66486,202,66936,None,None,None,None,None,None,LTE,LTE+LTE,58.44064,None,None,1,fd,50,13.5999999,3
1628217463,-86.15973646,39.77260578,311,850,None,None,265,5330,64,66486,202,66936,None,None,None,None,None,None,LTE,LTE+LTE,61.07552,None,None,1,fd,50,13.70000005,3
1628217463,-86.15973646,39.77260577,311,850,None,None,265,5330,64,66486,202,66936,None,None,None,None,None,None,LTE,LTE+LTE,69.83888,None,None,1,fd,50,13.79999995,3
1628217463,-86.15973646,39.77260577,311,850,None,None,265,5330,64,66486,202,66936,None,None,None,None,None,None,LTE,LTE+LTE,53.7888,None,None,1,fd,50,13.9000001,3
1628217463,-86.15973645,39.77260577,311,850,None,None,265,5330,64,66486,202,66936,None,None,None,None,None,None,LTE,LTE+LTE,0,None,None,1,fd,50,14,3
1628217463,-86.15973645,39.77260576,311,850,None,None,265,5330,64,66486,202,66936,None,None,None,None,None,None,LTE,LTE+LTE,57.6744,None,None,1,fd,50,14.0999999,3
1628217463,-86.15973655,39.77260573,311,850,None,None,265,5330,64,66486,202,66936,None,None,None,None,None,None,LTE,LTE+LTE,0,None,None,1,fd,50,14.20000005,3
1628217463,-86.15973683,39.77260563,311,850,None,None,265,5330,64,66486,202,66936,None,None,None,None,None,None,LTE,LTE+LTE,0,None,None,1,fd,50,14.29999995,3
1628217463,-86.15973708,39.77260555,311,850,634,174270,258,66661,64,66486,None,None,None,None,None,None,None,None,LTE+Sub6,LTE+5GS_LTE,27.27136,None,None,1,fd,40,14.4000001,9
1628217464,-86.1597373,39.77260547,311,850,634,174270,258,66661,64,66486,None,None,None,None,None,None,None,None,LTE+Sub6,LTE+5GS_LTE,0,None,None,1,fd,40,14.5,9
1628217464,-86.15973758,39.77260538,311,850,634,174270,258,66661,64,66486,None,None,None,None,None,None,None,None,LTE+Sub6,LTE+5GS_LTE,0.11568,None,None,1,fd,40,14.5999999,9
1628217464,-86.1597378,39.7726053,311,850,None,None,265,5330,64,66486,202,66936,None,None,None,None,None,None,LTE,LTE+LTE,51.79904,None,None,1,fd,50,14.70000005,4
1628217464,-86.15973805,39.77260522,311,850,None,None,265,5330,64,66486,202,66936,None,None,None,None,None,None,LTE,LTE+LTE,70.59968,None,None,1,fd,50,14.79999995,4
1628217464,-86.15973833,39.77260512,311,850,None,None,265,5330,64,66486,202,66936,None,None,None,None,None,None,LTE,LTE+LTE,66.808,None,None,1,fd,50,14.9000001,4
1628217464,-86.15973855,39.77260505,311,850,None,None,265,5330,64,66486,202,66936,None,None,None,None,None,None,LTE,LTE+LTE,58.19296,None,None,1,fd,50,15,4
1628217464,-86.15973883,39.77260495,311,850,None,None,265,5330,64,66486,202,66936,None,None,None,None,None,None,LTE,LTE+LTE,62.95504,None,None,1,fd,50,15.0999999,4
1628217464,-86.15973906,39.77260488,311,850,None,None,265,5330,64,66486,202,66936,None,None,None,None,None,None,LTE,LTE+LTE,61.08096,None,None,1,fd,50,15.20000005,4
1628217464,-86.15973933,39.77260478,311,850,None,None,265,5330,64,66486,202,66936,None,None,None,None,None,None,LTE,LTE+LTE,77.8592,None,None,1,fd,50,15.29999995,4
1628217464,-86.15973958,39.7726047,311,850,None,None,265,5330,64,66486,202,66936,None,None,None,None,None,None,LTE,LTE+LTE,60.4304,None,None,1,fd,50,15.4000001,4
1628217465,-86.15973981,39.77260462,311,850,None,None,265,5330,64,66486,202,66936,None,None,None,None,None,None,LTE,LTE+LTE,61.6104,None,None,1,fd,50,15.5,4
1628217465,-86.15974008,39.77260453,311,850,None,None,265,5330,64,66486,202,66936,None,None,None,None,None,None,LTE,LTE+LTE,75.02016,None,None,1,fd,50,15.5999999,4
1628217465,-86.15974031,39.77260445,311,850,None,None,265,5330,64,66486,202,66936,None,None,None,None,None,None,LTE,LTE+LTE,63.6328,None,None,1,fd,50,15.70000005,4
1628217465,-86.15974056,39.77260437,311,850,None,None,265,5330,64,66486,202,66936,None,None,None,None,None,None,LTE,LTE+LTE,0,None,None,1,fd,50,15.79999995,4
1628217465,-86.15974083,39.77260427,311,850,None,None,265,5330,64,66486,202,66936,None,None,None,None,None,None,LTE,LTE+LTE,52.32848,None,None,1,fd,50,15.9000001,4
1628217465,-86.15974106,39.7726042,311,850,None,None,265,5330,64,66486,202,66936,None,None,None,None,None,None,LTE,LTE+LTE,43.51472,None,None,1,fd,50,16,4
1628217465,-86.15974133,39.7726041,311,850,None,None,265,5330,64,66486,202,66936,None,None,None,None,None,None,LTE,LTE+LTE,75.21344,None,None,1,fd,50,16.0999999,4
1628217465,-86.15974147,39.77260416,311,850,None,None,265,5330,64,66486,202,66936,None,None,None,None,None,None,LTE,LTE+LTE,58.08816,None,None,1,fd,50,16.20000005,4
1628217465,-86.15974149,39.77260451,311,850,None,None,265,5330,64,66486,202,66936,None,None,None,None,None,None,LTE,LTE+LTE,70.59424,None,None,1,fd,50,16.29999995,4
1628217465,-86.15974151,39.77260484,311,850,None,None,265,5330,64,66486,202,66936,None,None,None,None,None,None,LTE,LTE+LTE,79.10448,None,None,1,fd,50,16.4000001,4
1628217466,-86.15974153,39.77260513,311,850,None,None,265,5330,64,66486,202,66936,None,None,None,None,None,None,LTE,LTE+LTE,42.16464,None,None,1,fd,50,16.5,4
1628217466,-86.15974156,39.77260549,311,850,None,None,265,5330,64,66486,202,66936,None,None,None,None,None,None,LTE,LTE+LTE,58.1984,None,None,1,fd,50,16.5999999,4
1628217466,-86.15974158,39.77260578,311,850,None,None,265,5330,64,66486,202,66936,None,None,None,None,None,None,LTE,LTE+LTE,28.10976,None,None,1,fd,50,16.70000005,4
1628217466,-86.1597416,39.77260611,311,850,None,None,265,5330,64,66486,202,66936,None,None,None,None,None,None,LTE,LTE+LTE,10.0032,None,None,1,fd,50,16.79999995,4
1628217466,-86.15974163,39.77260646,311,850,634,174270,258,66661,202,66936,None,None,None,None,None,None,None,None,LTE+Sub6,LTE+5GS_LTE,33.21344,None,None,1,fd,40,16.9000001,9
1628217466,-86.15974165,39.77260676,311,850,634,174270,258,66661,202,66936,None,None,None,None,None,None,None,None,LTE+Sub6,LTE+5GS_LTE,0,None,None,1,fd,40,17,9
1628217466,-86.15974167,39.77260711,311,850,634,174270,258,66661,202,66936,None,None,None,None,None,None,None,None,LTE+Sub6,LTE+5GS_LTE,0.11568,None,None,1,fd,40,17.0999999,9
1628217466,-86.15974169,39.77260741,311,850,634,174270,258,66661,202,66936,None,None,None,None,None,None,None,None,LTE+Sub6,LTE+5GS_LTE,2.13664,None,None,1,fd,40,17.20000005,9
1628217466,-86.15974171,39.77260777,311,850,None,None,265,5330,64,66486,202,66936,None,None,None,None,None,None,LTE,LTE+LTE,13.78944,None,None,1,fd,50,17.29999995,4
1628217466,-86.15974172,39.7726081,311,850,None,None,265,5330,64,66486,202,66936,None,None,None,None,None,None,LTE,LTE+LTE,0,None,None,1,fd,50,17.4000001,4
1628217467,-86.15974173,39.77260839,311,850,None,None,265,5330,64,66486,202,66936,None,None,None,None,None,None,LTE,LTE+LTE,47.8304,None,None,1,fd,50,17.5,4
1628217467,-86.15974175,39.77260875,311,850,None,None,265,5330,64,66486,202,66936,None,None,None,None,None,None,LTE,LTE+LTE,35.52848,None,None,1,fd,50,17.5999999,4
1628217467,-86.15974176,39.77260905,311,850,None,None,265,5330,64,66486,202,66936,None,None,None,None,None,None,LTE,LTE+LTE,40.97376,None,None,1,fd,50,17.70000005,4
1628217467,-86.15974178,39.77260937,311,850,None,None,265,5330,64,66486,202,66936,None,None,None,None,None,None,LTE,LTE+LTE,48.94368,None,None,1,fd,50,17.79999995,4
1628217467,-86.1597418,39.77260974,311,850,None,None,265,5330,64,66486,202,66936,None,None,None,None,None,None,LTE,LTE+LTE,49.4568,None,None,1,fd,50,17.9000001,4
1628217467,-86.15974181,39.77261003,311,850,None,None,265,5330,64,66486,202,66936,None,None,None,None,None,None,LTE,LTE+LTE,46.36464,None,None,1,fd,50,18,4
1628217467,-86.15974183,39.77261039,311,850,None,None,265,5330,64,66486,202,66936,None,None,None,None,None,None,LTE,LTE+LTE,46.18224,None,None,1,fd,50,18.0999999,4
1628217467,-86.15974183,39.77261048,311,850,None,None,265,5330,64,66486,202,66936,None,None,None,None,None,None,LTE,LTE+LTE,39.62912,None,None,1,fd,50,18.20000005,4
1628217467,-86.15974183,39.77261045,311,850,None,None,265,5330,64,66486,202,66936,None,None,None,None,None,None,LTE,LTE+LTE,54.68704,None,None,1,fd,50,18.29999995,4
1628217467,-86.15974183,39.77261042,311,850,None,None,265,5330,64,66486,202,66936,None,None,None,None,None,None,LTE,LTE+LTE,55.32672,None,None,1,fd,50,18.4000001,4
1628217468,-86.15974183,39.7726104,311,850,None,None,265,5330,64,66486,202,66936,None,None,None,None,None,None,LTE,LTE+LTE,44.50688,None,None,1,fd,50,18.5,4
1628217468,-86.15974183,39.77261037,311,850,None,None,265,5330,64,66486,202,66936,None,None,None,None,None,None,LTE,LTE+LTE,46.0448,None,None,1,fd,50,18.5999999,4
1628217468,-86.15974183,39.77261034,311,850,None,None,265,5330,64,66486,202,66936,None,None,None,None,None,None,LTE,LTE+LTE,39.07792,None,None,1,fd,50,18.70000005,4
1628217468,-86.15974183,39.77261031,311,850,None,None,265,5330,64,66486,202,66936,None,None,None,None,None,None,LTE,LTE+LTE,42.61104,None,None,1,fd,50,18.79999995,4
1628217468,-86.15974183,39.77261028,311,850,None,None,265,5330,64,66486,202,66936,None,None,None,None,None,None,LTE,LTE+LTE,48.16112,None,None,1,fd,50,18.9000001,4
1628217468,-86.15974183,39.77261026,311,850,None,None,265,5330,64,66486,202,66936,None,None,None,None,None,None,LTE,LTE+LTE,51.59488,None,None,1,fd,50,19,4
1628217468,-86.15974183,39.77261023,311,850,None,None,265,5330,64,66486,202,66936,None,None,None,None,None,None,LTE,LTE+LTE,33.45024,None,None,1,fd,50,19.0999999,4
1628217468,-86.15974183,39.77261022,311,850,None,None,265,5330,64,66486,202,66936,None,None,None,None,None,None,LTE,LTE+LTE,0,None,None,1,fd,50,19.20000005,4
1628217468,-86.15974183,39.77261022,311,850,None,None,265,5330,64,66486,202,66936,None,None,None,None,None,None,LTE,LTE+LTE,27.12304,None,None,1,fd,50,19.29999995,4
1628217468,-86.15974183,39.77261022,311,850,None,None,265,5330,64,66486,202,66936,None,None,None,None,None,None,LTE,LTE+LTE,23.61712,None,None,1,fd,50,19.4000001,4
1628217469,-86.15974183,39.77261022,311,850,634,174270,258,66661,64,66486,None,None,None,None,None,None,None,None,LTE+Sub6,LTE+5GS_LTE,0,None,None,1,fd,40,19.5,9
1628217469,-86.15974183,39.77261022,311,850,634,174270,258,66661,64,66486,None,None,None,None,None,None,None,None,LTE+Sub6,LTE+5GS_LTE,0,None,None,1,fd,40,19.5999999,9
1628217469,-86.15974183,39.77261022,311,850,634,174270,258,66661,64,66486,None,None,None,None,None,None,None,None,LTE+Sub6,LTE+5GS_LTE,3.32896,None,None,1,fd,40,19.70000005,9
1628217469,-86.15974183,39.77261022,311,850,None,None,265,5330,64,66486,202,66936,None,None,None,None,None,None,LTE,LTE+LTE,57.66352,None,None,1,fd,50,19.79999995,4
1628217469,-86.15974183,39.77261022,311,850,None,None,265,5330,64,66486,202,66936,None,None,None,None,None,None,LTE,LTE+LTE,44.06048,None,None,1,fd,50,19.9000001,4
1628217469,-86.15974183,39.77261022,311,850,None,None,265,5330,64,66486,202,66936,None,None,None,None,None,None,LTE,LTE+LTE,47.13632,None,None,1,fd,50,20,4
1628217469,-86.15974183,39.77261022,311,850,None,None,265,5330,64,66486,202,66936,None,None,None,None,None,None,LTE,LTE+LTE,44.6008,None,None,1,fd,50,20.0999999,4
1628217469,-86.15974183,39.77261022,311,850,None,None,265,5330,64,66486,202,66936,None,None,None,None,None,None,LTE,LTE+LTE,61.2184,None,None,1,fd,50,20.20000005,4
1628217469,-86.15974183,39.77261022,311,850,None,None,265,5330,64,66486,202,66936,None,None,None,None,None,None,LTE,LTE+LTE,56.8592,None,None,1,fd,50,20.29999995,4
1628217469,-86.15974183,39.77261022,311,850,None,None,265,5330,64,66486,202,66936,None,None,None,None,None,None,LTE,LTE+LTE,61.30144,None,None,1,fd,50,20.4000001,4
1628217470,-86.15974183,39.77261022,311,850,None,None,265,5330,64,66486,202,66936,None,None,None,None,None,None,LTE,LTE+LTE,60.3256,None,None,1,fd,50,20.5,4
1628217470,-86.15974183,39.77261022,311,850,None,None,265,5330,64,66486,202,66936,None,None,None,None,None,None,LTE,LTE+LTE,57.21712,None,None,1,fd,50,20.5999999,4
1628217470,-86.15974183,39.77261022,311,850,None,None,265,5330,64,66486,202,66936,None,None,None,None,None,None,LTE,LTE+LTE,61.09184,None,None,1,fd,50,20.70000005,4
1628217470,-86.15974183,39.77261022,311,850,None,None,265,5330,64,66486,202,66936,None,None,None,None,None,None,LTE,LTE+LTE,54.45024,None,None,1,fd,50,20.79999995,4
1628217470,-86.15974183,39.77261022,311,850,None,None,265,5330,64,66486,202,66936,None,None,None,None,None,None,LTE,LTE+LTE,53.1328,None,None,1,fd,50,20.9000001,4
1628217470,-86.15974183,39.77261022,311,850,None,None,265,5330,64,66486,202,66936,None,None,None,None,None,None,LTE,LTE+LTE,0,None,None,1,fd,50,21,4
1628217470,-86.15974183,39.77261022,311,850,None,None,265,5330,64,66486,202,66936,None,None,None,None,None,None,LTE,LTE+LTE,45.06352,None,None,1,fd,50,21.0999999,4
1628217470,-86.15974183,39.77261022,311,850,None,None,265,5330,64,66486,202,66936,None,None,None,None,None,None,LTE,LTE+LTE,68.12544,None,None,1,fd,50,21.20000005,4
1628217470,-86.15974183,39.77261022,311,850,None,None,265,5330,64,66486,202,66936,None,None,None,None,None,None,LTE,LTE+LTE,54.53872,None,None,1,fd,50,21.29999995,4
1628217470,-86.15974183,39.77261022,311,850,None,None,265,5330,64,66486,202,66936,None,None,None,None,None,None,LTE,LTE+LTE,57.54784,None,None,1,fd,50,21.4000001,4
1628217471,-86.15974183,39.77261022,311,850,None,None,265,5330,64,66486,202,66936,None,None,None,None,None,None,LTE,LTE+LTE,61.20752,None,None,1,fd,50,21.5,4
1628217471,-86.15974183,39.77261022,311,850,None,None,265,5330,64,66486,202,66936,None,None,None,None,None,None,LTE,LTE+LTE,78.5152,None,None,1,fd,50,21.5999999,4
1628217471,-86.15974183,39.77261022,311,850,None,None,265,5330,64,66486,202,66936,None,None,None,None,None,None,LTE,LTE+LTE,65.2592,None,None,1,fd,50,21.70000005,4
1628217471,-86.15974183,39.77261022,311,850,None,None,265,5330,64,66486,202,66936,None,None,None,None,None,None,LTE,LTE+LTE,23.12176,None,None,1,fd,50,21.79999995,4
1628217471,-86.15974183,39.77261022,311,850,None,None,265,5330,64,66486,202,66936,None,None,None,None,None,None,LTE,LTE+LTE,11.2376,None,None,1,fd,50,21.9000001,4
1628217471,-86.15974183,39.77261022,311,850,634,174270,258,66661,64,66486,None,None,None,None,None,None,None,None,LTE+Sub6,LTE+5GS_LTE,0,None,None,1,fd,40,22,9
1628217471,-86.15974183,39.77261022,311,850,634,174270,258,66661,64,66486,None,None,None,None,None,None,None,None,LTE+Sub6,LTE+5GS_LTE,0,None,None,1,fd,40,22.0999999,9
1628217471,-86.15974183,39.77261022,311,850,634,174270,258,66661,64,66486,None,None,None,None,None,None,None,None,LTE+Sub6,LTE+5GS_LTE,0,None,None,1,fd,40,22.20000005,9
1628217471,-86.15974183,39.77261022,311,850,634,174270,258,66661,64,66486,None,None,None,None,None,None,None,None,LTE+Sub6,LTE+5GS_LTE,22.03024,None,None,1,fd,40,22.29999995,9
1628217471,-86.15974183,39.77261022,311,850,None,None,265,5330,64,66486,202,66936,None,None,None,None,None,None,LTE,LTE+LTE,20.12544,None,None,1,fd,50,22.4000001,4
1628217472,-86.15974183,39.77261022,311,850,None,None,265,5330,64,66486,202,66936,None,None,None,None,None,None,LTE,LTE+LTE,37.55088,None,None,1,fd,50,22.5,4
1628217472,-86.15974183,39.77261022,311,850,None,None,265,5330,64,66486,202,66936,None,None,None,None,None,None,LTE,LTE+LTE,32.30976,None,None,1,fd,50,22.5999999,4
1628217472,-86.15974183,39.77261022,311,850,None,None,265,5330,64,66486,202,66936,None,None,None,None,None,None,LTE,LTE+LTE,46.83824,None,None,1,fd,50,22.70000005,4
1628217472,-86.15974183,39.77261022,311,850,None,None,265,5330,64,66486,202,66936,None,None,None,None,None,None,LTE,LTE+LTE,39.76656,None,None,1,fd,50,22.79999995,4
1628217472,-86.15974183,39.77261022,311,850,None,None,265,5330,64,66486,202,66936,None,None,None,None,None,None,LTE,LTE+LTE,47.39488,None,None,1,fd,50,22.9000001,4
1628217472,-86.15974183,39.77261022,311,850,None,None,265,5330,64,66486,202,66936,None,None,None,None,None,None,LTE,LTE+LTE,37.23104,None,None,1,fd,50,23,4
1628217472,-86.15974183,39.77261022,311,850,None,None,265,5330,64,66486,202,66936,None,None,None,None,None,None,LTE,LTE+LTE,0,None,None,1,fd,50,23.0999999,4
1628217472,-86.15974183,39.77261022,311,850,None,None,265,5330,64,66486,202,66936,None,None,None,None,None,None,LTE,LTE+LTE,43.85632,None,None,1,fd,50,23.20000005,4
1628217472,-86.15974183,39.77261022,311,850,None,None,265,5330,64,66486,202,66936,None,None,None,None,None,None,LTE,LTE+LTE,48.81712,None,None,1,fd,50,23.29999995,4
1628217472,-86.15974183,39.77261022,311,850,None,None,265,5330,64,66486,202,66936,None,None,None,None,None,None,LTE,LTE+LTE,52.91776,None,None,1,fd,50,23.4000001,4
1628217473,-86.15974183,39.77261022,311,850,None,None,265,5330,64,66486,202,66936,None,None,None,None,None,None,LTE,LTE+LTE,38.4056,None,None,1,fd,50,23.5,4
1628217473,-86.15974183,39.77261022,311,850,None,None,265,5330,64,66486,202,66936,None,None,None,None,None,None,LTE,LTE+LTE,51.13216,None,None,1,fd,50,23.5999999,4
1628217473,-86.15974183,39.77261022,311,850,None,None,265,5330,64,66486,202,66936,None,None,None,None,None,None,LTE,LTE+LTE,40.50016,None,None,1,fd,50,23.70000005,4
1628217473,-86.15974183,39.77261022,311,850,None,None,265,5330,64,66486,202,66936,None,None,None,None,None,None,LTE,LTE+LTE,55.55808,None,None,1,fd,50,23.79999995,4
1628217473,-86.15974183,39.77261022,311,850,None,None,265,5330,64,66486,202,66936,None,None,None,None,None,None,LTE,LTE+LTE,34.45872,None,None,1,fd,50,23.9000001,4
1628217473,-86.15974183,39.77261022,311,850,None,None,265,5330,64,66486,202,66936,None,None,None,None,None,None,LTE,LTE+LTE,42.62192,None,None,1,fd,50,24,4
1628217473,-86.15974183,39.77261022,311,850,None,None,265,5330,64,66486,202,66936,None,None,None,None,None,None,LTE,LTE+LTE,41.39296,None,None,1,fd,50,24.0999999,4
1628217473,-86.15974183,39.77261022,311,850,None,None,265,5330,64,66486,202,66936,None,None,None,None,None,None,LTE,LTE+LTE,52.4768,None,None,1,fd,50,24.20000005,4
1628217473,-86.15974183,39.77261022,311,850,None,None,265,5330,64,66486,202,66936,None,None,None,None,None,None,LTE,LTE+LTE,0,None,None,1,fd,50,24.29999995,4
1628217473,-86.15974183,39.77261022,311,850,None,None,265,5330,64,66486,202,66936,None,None,None,None,None,None,LTE,LTE+LTE,33.21344,None,None,1,fd,50,24.4000001,4
1628217474,-86.15974183,39.77261022,311,850,None,None,265,5330,64,66486,202,66936,None,None,None,None,None,None,LTE,LTE+LTE,15.10144,None,None,1,fd,50,24.5,4
1628217474,-86.15974183,39.77261022,311,850,634,174270,258,66661,202,66936,None,None,None,None,None,None,None,None,LTE+Sub6,LTE+5GS_LTE,15.7248,None,None,1,fd,40,24.5999999,9
1628217474,-86.15974183,39.77261022,311,850,634,174270,258,66661,202,66936,None,None,None,None,None,None,None,None,LTE+Sub6,LTE+5GS_LTE,0.11568,None,None,1,fd,40,24.70000005,9
1628217474,-86.15974183,39.77261022,311,850,634,174270,258,66661,202,66936,None,None,None,None,None,None,None,None,LTE+Sub6,LTE+5GS_LTE,0.8696,None,None,1,fd,40,24.79999995,9
1628217474,-86.15974183,39.77261022,311,850,634,174270,258,66661,202,66936,None,None,None,None,None,None,None,None,LTE+Sub6,LTE+5GS_LTE,0,None,None,1,fd,40,24.9000001,9
1628217474,-86.15974183,39.77261022,311,850,None,None,265,5330,64,66486,202,66936,None,None,None,None,None,None,LTE,LTE+LTE,3.24048,None,None,1,fd,50,25,4
1628217474,-86.15974183,39.77261022,311,850,None,None,265,5330,64,66486,202,66936,None,None,None,None,None,None,LTE,LTE+LTE,20.25552,None,None,1,fd,50,25.0999999,4
1628217474,-86.15974183,39.77261022,311,850,None,None,265,5330,64,66486,202,66936,None,None,None,None,None,None,LTE,LTE+LTE,28.81472,None,None,1,fd,50,25.20000005,4
1628217474,-86.15974183,39.77261022,311,850,None,None,265,5330,64,66486,202,66936,None,None,None,None,None,None,LTE,LTE+LTE,19.18032,None,None,1,fd,50,25.29999995,4
1628217474,-86.15974183,39.77261022,311,850,None,None,265,5330,64,66486,202,66936,None,None,None,None,None,None,LTE,LTE+LTE,34.66288,None,None,1,fd,50,25.4000001,4
1628217475,-86.15974183,39.77261022,311,850,None,None,265,5330,64,66486,202,66936,None,None,None,None,None,None,LTE,LTE+LTE,28.2472,None,None,1,fd,50,25.5,4
1628217475,-86.15974183,39.77261022,311,850,None,None,265,5330,64,66486,202,66936,None,None,None,None,None,None,LTE,LTE+LTE,30.67792,None,None,1,fd,50,25.5999999,4
1628217475,-86.15974183,39.77261022,311,850,None,None,265,5330,64,66486,202,66936,None,None,None,None,None,None,LTE,LTE+LTE,34.34304,None,None,1,fd,50,25.70000005,4
1628217475,-86.15974183,39.77261022,311,850,None,None,265,5330,64,66486,202,66936,None,None,None,None,None,None,LTE,LTE+LTE,25.6232,None,None,1,fd,50,25.79999995,4
1628217475,-86.15974183,39.77261022,311,850,None,None,265,5330,64,66486,202,66936,None,None,None,None,None,None,LTE,LTE+LTE,30.57312,None,None,1,fd,50,25.9000001,4
1628217475,-86.15974183,39.77261022,311,850,None,None,265,5330,64,66486,202,66936,None,None,None,None,None,None,LTE,LTE+LTE,31.5816,None,None,1,fd,50,26,4
1628217475,-86.15974183,39.77261022,311,850,None,None,265,5330,64,66486,202,66936,None,None,None,None,None,None,LTE,LTE+LTE,39.8496,None,None,1,fd,50,26.0999999,4
1628217475,-86.15974183,39.77261022,311,850,None,None,265,5330,64,66486,202,66936,None,None,None,None,None,None,LTE,LTE+LTE,33.46112,None,None,1,fd,50,26.20000005,4
1628217475,-86.15974183,39.77261022,311,850,None,None,265,5330,64,66486,202,66936,None,None,None,None,None,None,LTE,LTE+LTE,34.00688,None,None,1,fd,50,26.29999995,4
1628217475,-86.15974183,39.77261022,311,850,None,None,265,5330,64,66486,202,66936,None,None,None,None,None,None,LTE,LTE+LTE,41.19424,None,None,1,fd,50,26.4000001,4
1628217476,-86.15974183,39.77261022,311,850,None,None,265,5330,64,66486,202,66936,None,None,None,None,None,None,LTE,LTE+LTE,40.87984,None,None,1,fd,50,26.5,4
1628217476,-86.15974183,39.77261022,311,850,None,None,265,5330,64,66486,202,66936,None,None,None,None,None,None,LTE,LTE+LTE,40.1136,None,None,1,fd,50,26.5999999,4
1628217476,-86.15974183,39.77261022,311,850,None,None,265,5330,64,66486,202,66936,None,None,None,None,None,None,LTE,LTE+LTE,40.52192,None,None,1,fd,50,26.70000005,4
1628217476,-86.15974183,39.77261022,311,850,None,None,265,5330,64,66486,202,66936,None,None,None,None,None,None,LTE,LTE+LTE,0,None,None,1,fd,50,26.79999995,4
1628217476,-86.15974183,39.77261022,311,850,None,None,265,5330,64,66486,202,66936,None,None,None,None,None,None,LTE,LTE+LTE,0,None,None,1,fd,50,26.9000001,4
1628217476,-86.15974183,39.77261022,311,850,None,None,265,5330,64,66486,202,66936,None,None,None,None,None,None,LTE,LTE+LTE,37.55632,None,None,1,fd,50,27,4
1628217476,-86.15974183,39.77261022,311,850,None,None,265,5330,64,66486,202,66936,None,None,None,None,None,None,LTE,LTE+LTE,0,None,None,1,fd,50,27.0999999,4
1628217476,-86.15974183,39.77261022,311,850,634,174270,258,66661,202,66936,None,None,None,None,None,None,None,None,LTE+Sub6,LTE+5GS_LTE,21.65456,None,None,1,fd,40,27.20000005,9
1628217476,-86.15974183,39.77261022,311,850,634,174270,258,66661,202,66936,None,None,None,None,None,None,None,None,LTE+Sub6,LTE+5GS_LTE,0,None,None,1,fd,40,27.29999995,9
1628217476,-86.15974183,39.77261022,311,850,634,174270,258,66661,202,66936,None,None,None,None,None,None,None,None,LTE+Sub6,LTE+5GS_LTE,0.11568,None,None,1,fd,40,27.4000001,9
1628217477,-86.15974183,39.77261022,311,850,None,None,265,5330,64,66486,202,66936,None,None,None,None,None,None,LTE,LTE+LTE,30.46288,None,None,1,fd,50,27.5,4
1628217477,-86.15974183,39.77261022,311,850,None,None,265,5330,64,66486,202,66936,None,None,None,None,None,None,LTE,LTE+LTE,39.76656,None,None,1,fd,50,27.5999999,4
1628217477,-86.15974183,39.77261022,311,850,None,None,265,5330,64,66486,202,66936,None,None,None,None,None,None,LTE,LTE+LTE,49.24176,None,None,1,fd,50,27.70000005,4
1628217477,-86.15974183,39.77261022,311,850,None,None,265,5330,64,66486,202,66936,None,None,None,None,None,None,LTE,LTE+LTE,37.42432,None,None,1,fd,50,27.79999995,4
1628217477,-86.15974183,39.77261022,311,850,None,None,265,5330,64,66486,202,66936,None,None,None,None,None,None,LTE,LTE+LTE,40.17488,None,None,1,fd,50,27.9000001,4
1628217477,-86.15974183,39.77261022,311,850,None,None,265,5330,64,66486,202,66936,None,None,None,None,None,None,LTE,LTE+LTE,45.38336,None,None,1,fd,50,28,4
1628217477,-86.15974183,39.77261022,311,850,None,None,265,5330,64,66486,202,66936,None,None,None,None,None,None,LTE,LTE+LTE,46.17136,None,None,1,fd,50,28.0999999,4
1628217477,-86.15974183,39.77261022,311,850,None,None,265,5330,64,66486,202,66936,None,None,None,None,None,None,LTE,LTE+LTE,42.8424,None,None,1,fd,50,28.20000005,4
1628217477,-86.15974183,39.77261022,311,850,None,None,265,5330,64,66486,202,66936,None,None,None,None,None,None,LTE,LTE+LTE,46.24896,None,None,1,fd,50,28.29999995,4
1628217477,-86.15974183,39.77261022,311,850,None,None,265,5330,64,66486,202,66936,None,None,None,None,None,None,LTE,LTE+LTE,48.8008,None,None,1,fd,50,28.4000001,4
1628217478,-86.15974183,39.77261022,311,850,None,None,265,5330,64,66486,202,66936,None,None,None,None,None,None,LTE,LTE+LTE,50.12912,None,None,1,fd,50,28.5,4
1628217478,-86.15974183,39.77261022,311,850,None,None,265,5330,64,66486,202,66936,None,None,None,None,None,None,LTE,LTE+LTE,43.39904,None,None,1,fd,50,28.5999999,4
1628217478,-86.15974183,39.77261022,311,850,None,None,265,5330,64,66486,202,66936,None,None,None,None,None,None,LTE,LTE+LTE,54.56592,None,None,1,fd,50,28.70000005,4
1628217478,-86.15974183,39.77261022,311,850,None,None,265,5330,64,66486,202,66936,None,None,None,None,None,None,LTE,LTE+LTE,46.1496,None,None,1,fd,50,28.79999995,4
1628217478,-86.15974183,39.77261022,311,850,None,None,265,5330,64,66486,202,66936,None,None,None,None,None,None,LTE,LTE+LTE,50.3496,None,None,1,fd,50,28.9000001,4
1628217478,-86.15974183,39.77261022,311,850,None,None,265,5330,64,66486,202,66936,None,None,None,None,None,None,LTE,LTE+LTE,53.34784,None,None,1,fd,50,29,4
1628217478,-86.15974183,39.77261022,311,850,None,None,265,5330,64,66486,202,66936,None,None,None,None,None,None,LTE,LTE+LTE,38.3008,None,None,1,fd,50,29.0999999,4
1628217478,-86.15974183,39.77261022,311,850,None,None,265,5330,64,66486,202,66936,None,None,None,None,None,None,LTE,LTE+LTE,50.92256,None,None,1,fd,50,29.20000005,4
1628217478,-86.15974183,39.77261022,311,850,None,None,265,5330,64,66486,202,66936,None,None,None,None,None,None,LTE,LTE+LTE,63.85328,None,None,1,fd,50,29.29999995,4
1628217478,-86.15974183,39.77261022,311,850,None,None,265,5330,64,66486,202,66936,None,None,None,None,None,None,LTE,LTE+LTE,0,None,None,1,fd,50,29.4000001,4
1628217479,-86.15974183,39.77261022,311,850,None,None,265,5330,64,66486,202,66936,None,None,None,None,None,None,LTE,LTE+LTE,31.44416,None,None,1,fd,50,29.5,4
1628217479,-86.15974183,39.77261022,311,850,None,None,265,5330,64,66486,202,66936,None,None,None,None,None,None,LTE,LTE+LTE,33.8912,None,None,1,fd,50,29.5999999,4
1628217479,-86.15974183,39.77261022,311,850,634,174270,258,66661,202,66936,None,None,None,None,None,None,None,None,LTE+Sub6,LTE+5GS_LTE,0.788,None,None,1,fd,40,29.70000005,9
1628217479,-86.15974183,39.77261022,311,850,634,174270,258,66661,202,66936,None,None,None,None,None,None,None,None,LTE+Sub6,LTE+5GS_LTE,0,None,None,1,fd,40,29.79999995,9
1628217479,-86.15974183,39.77261022,311,850,634,174270,258,66661,202,66936,None,None,None,None,None,None,None,None,LTE+Sub6,LTE+5GS_LTE,0.11568,None,None,1,fd,40,29.9000001,9
1628217479,-86.15974183,39.77261022,311,850,634,174270,258,66661,202,66936,None,None,None,None,None,None,None,None,LTE+Sub6,LTE+5GS_LTE,1.32144,None,None,1,fd,40,30,9